{
  "race_name": "2025年11月24日 5回東京6日目",
  "race_grade": "11R 第30回　東京スポーツ杯２歳ステークス(GII)",
  "distance": "1800m",
  "horses": [
    {
      "horse_num": "1",
      "horse_name": "ラストスマイル",
      "jockey": "杉原誠",
      "horse_name_link": "/db/uma/0946862",
      "prediction_mark": "★-",
      "odds_text": "512(+6)39.610人気",
      "training_data": {
        "horse_name": "ラストスマイル",
        "tanpyo": "１ハロンの伸び目立つ",
        "details": [
          {
            "date_location": "10/8 美Ｂ 良",
            "追い切り方": "馬なり余力",
            "times": [
              "84.1",
              "67.8",
              "53.1",
              "38.6",
              "11.5",
              "［４］"
            ],
            "awase": ""
          },
          {
            "date_location": "11/9 美Ｂ 良",
            "追い切り方": "直一杯追う",
            "times": [
              "69.9",
              "53.2",
              "39.1",
              "12.0",
              "［４］"
            ],
            "awase": ""
          },
          {
            "date_location": "11/12 美Ｗ 良",
            "追い切り方": "馬なり余力",
            "times": [
              "84.5",
              "68.0",
              "53.3",
              "38.9",
              "11.9",
              "［７］"
            ],
            "awase": "ニシノインヴィクタ（古馬１勝）馬なりの内0.7秒追走同入"
          },
          {
            "date_location": "11/19 美Ｗ 良",
            "追い切り方": "直強め追う",
            "times": [
              "84.4",
              "67.7",
              "52.7",
              "38.1",
              "11.9",
              "［７］"
            ],
            "awase": "ニシノインヴィクタ（古馬１勝）馬なりの外1.5秒追走同入"
          }
        ]
      },
      "pedigree_data": {
        "father": "ポエティックフレアIREPoetic Flare",
        "mother": "Hymn of the Dawn",
        "father_father": "ドーン　アプローチ",
        "father_mother": "New Approach",
        "mothers_father": "Maria Lee",
        "mothers_mother": "ロックオブジブラルタル",
        "father_father_father": "Elida",
        "father_father_mother": "スナップドラゴンSnapdragon",
        "father_mother_father": "ゼンノロブロイ",
        "father_mother_mother": "サンデーサイレンス",
        "mothers_father_father": "ローミンレイチェル",
        "mothers_father_mother": "ブレッシング",
        "mothers_mother_father": "マルゼンスキー",
        "mothers_mother_mother": "ブラダマンテ"
      },
      "stable_comment": "",
      "previous_race_comment": "",
      "past_results": []
    },
    {
      "horse_num": "2",
      "horse_name": "テルヒコウ",
      "jockey": "坂井瑠",
      "horse_name_link": "/db/uma/0946550",
      "prediction_mark": "★-",
      "odds_text": "486(0)18.67人気",
      "training_data": {},
      "pedigree_data": {
        "father": "コントレイルContrail",
        "mother": "ウインドインハーヘア",
        "father_father": "ディープインパクト",
        "father_mother": "サンデーサイレンス",
        "mothers_father": "ロードクロサイト",
        "mothers_mother": "Unbridled's Song",
        "father_father_father": "Folklore",
        "father_father_mother": "ミッシングリンクMissing Link",
        "father_mother_father": "ヴィクトワールピサ",
        "father_mother_mother": "ネオユニヴァース",
        "mothers_father_father": "ホワイトウォーターアフェア",
        "mothers_father_mother": "エーソングフォー",
        "mothers_mother_father": "More Than Ready",
        "mothers_mother_mother": "Miss Garland"
      },
      "stable_comment": "",
      "previous_race_comment": "",
      "past_results": []
    },
    {
      "horse_num": "3",
      "horse_name": "リネンタイリン",
      "jockey": "内田博",
      "horse_name_link": "/db/uma/0946651",
      "prediction_mark": "★-",
      "odds_text": "472(+8)348.312人気",
      "training_data": {},
      "pedigree_data": {
        "father": "キズナKizuna",
        "mother": "ウインドインハーヘア",
        "father_father": "ディープインパクト",
        "father_mother": "サンデーサイレンス",
        "mothers_father": "キャットクイル",
        "mothers_mother": "Storm Cat",
        "father_father_father": "Pacific Princess",
        "father_father_mother": "リネンパズルRinen Puzzle",
        "father_mother_father": "パラダイスクリーク",
        "father_mother_mother": "Irish River",
        "mothers_father_father": "North Of Eden",
        "mothers_father_mother": "アルテミスターキン",
        "mothers_mother_father": "ジョリーズヘイロー",
        "mothers_mother_mother": "シャコージュノー"
      },
      "stable_comment": "",
      "previous_race_comment": "",
      "past_results": []
    },
    {
      "horse_num": "4",
      "horse_name": "ライヒスアドラー",
      "jockey": "佐々木大",
      "horse_name_link": "/db/uma/0950532",
      "prediction_mark": "★-",
      "odds_text": "512(+2)4.12人気",
      "training_data": {},
      "pedigree_data": {
        "father": "シスキンUSASiskin",
        "mother": "Honest Lady",
        "father_father": "ファースト　ディフェンス",
        "father_mother": "Unbridled's Song",
        "mothers_father": "Bird Flown",
        "mothers_mother": "Oasis Dream",
        "father_father_father": "Silver Star",
        "father_father_mother": "クライリングKrailling",
        "father_mother_father": "ハーツクライ",
        "father_mother_mother": "サンデーサイレンス",
        "mothers_father_father": "アイリッシュダンス",
        "mothers_father_mother": "リングジアラーム",
        "mothers_mother_father": "スウェプトオーヴァーボード",
        "mothers_mother_mother": "ターンバックジアラーム"
      },
      "stable_comment": "",
      "previous_race_comment": "",
      "past_results": []
    },
    {
      "horse_num": "5",
      "horse_name": "ローベルクランツ",
      "jockey": "松山弘",
      "horse_name_link": "/db/uma/0954259",
      "prediction_mark": "★-",
      "odds_text": "484(+20)9.04人気",
      "training_data": {},
      "pedigree_data": {
        "father": "サトノダイヤモンドSatono Diamond",
        "mother": "ウインドインハーヘア",
        "father_father": "ディープインパクト",
        "father_mother": "サンデーサイレンス",
        "mothers_father": "マルペンサ",
        "mothers_mother": "Orpen",
        "father_father_father": "Marsella",
        "father_father_mother": "ブルーメンクローネBlumenkrone",
        "father_mother_father": "キングカメハメハ",
        "father_mother_mother": "Kingmambo",
        "mothers_father_father": "マンファス",
        "mothers_father_mother": "ブルーメンブラット",
        "mothers_mother_father": "アドマイヤベガ",
        "mothers_mother_mother": "マイワイルドフラワー"
      },
      "stable_comment": "",
      "previous_race_comment": "",
      "past_results": []
    },
    {
      "horse_num": "6",
      "horse_name": "サレジオ",
      "jockey": "プーシャ",
      "horse_name_link": "/db/uma/0954075",
      "prediction_mark": "★-",
      "odds_text": "510(+24)14.96人気",
      "training_data": {},
      "pedigree_data": {
        "father": "エピファネイアEpiphaneia",
        "mother": "Tee Kay",
        "father_father": "シンボリクリスエス",
        "father_mother": "Kris S.",
        "mothers_father": "シーザリオ",
        "mothers_mother": "スペシャルウィーク",
        "father_father_father": "キロフプリミエール",
        "father_father_mother": "サラキアSalacia",
        "father_mother_father": "ディープインパクト",
        "father_mother_mother": "サンデーサイレンス",
        "mothers_father_father": "ウインドインハーヘア",
        "mothers_father_mother": "サロミナ",
        "mothers_mother_father": "Lomitas",
        "mothers_mother_mother": "Saldentigerin"
      },
      "stable_comment": "",
      "previous_race_comment": "",
      "past_results": []
    },
    {
      "horse_num": "7",
      "horse_name": "チュウワカーネギー",
      "jockey": "北村友",
      "horse_name_link": "/db/uma/0950739",
      "prediction_mark": "★-",
      "odds_text": "522(-12)30.79人気",
      "training_data": {},
      "pedigree_data": {
        "father": "モーリスMaurice",
        "mother": "ランニングヒロイン",
        "father_father": "スクリーンヒーロー",
        "father_mother": "グラスワンダー",
        "mothers_father": "メジロフランシス",
        "mothers_mother": "カーネギー",
        "father_father_father": "メジロモントレー",
        "father_father_mother": "デックドアウトUSADecked Out",
        "father_mother_father": "ストリート　ボス",
        "father_mother_mother": "Street Cry",
        "mothers_father_father": "Blushing Ogygian",
        "mothers_father_mother": "Once Around",
        "mothers_mother_father": "You and I",
        "mothers_mother_mother": "Persimmon Hill"
      },
      "stable_comment": "",
      "previous_race_comment": "",
      "past_results": []
    },
    {
      "horse_num": "8",
      "horse_name": "ゾロアストロ",
      "jockey": "マーカン",
      "horse_name_link": "/db/uma/0953914",
      "prediction_mark": "★-",
      "odds_text": "468(-2)10.55人気",
      "training_data": {},
      "pedigree_data": {
        "father": "モーリスMaurice",
        "mother": "ランニングヒロイン",
        "father_father": "スクリーンヒーロー",
        "father_mother": "グラスワンダー",
        "mothers_father": "メジロフランシス",
        "mothers_mother": "カーネギー",
        "father_father_father": "メジロモントレー",
        "father_father_mother": "アルミレーナAlmirena",
        "father_mother_father": "ディープインパクト",
        "father_mother_mother": "サンデーサイレンス",
        "mothers_father_father": "ウインドインハーヘア",
        "mothers_father_mother": "ナイトマジック",
        "mothers_mother_father": "Sholokhov",
        "mothers_mother_mother": "Night Woman"
      },
      "stable_comment": "",
      "previous_race_comment": "",
      "past_results": []
    },
    {
      "horse_num": "9",
      "horse_name": "ダノンヒストリー",
      "jockey": "レーン",
      "horse_name_link": "/db/uma/0954066",
      "prediction_mark": "★-",
      "odds_text": "492(+6)2.31人気",
      "training_data": {},
      "pedigree_data": {
        "father": "エピファネイアEpiphaneia",
        "mother": "Tee Kay",
        "father_father": "シンボリクリスエス",
        "father_mother": "Kris S.",
        "mothers_father": "シーザリオ",
        "mothers_mother": "スペシャルウィーク",
        "father_father_father": "キロフプリミエール",
        "father_father_mother": "コーステッドUSACoasted",
        "father_mother_father": "ティズウェイ",
        "father_mother_mother": "Tiznow",
        "mothers_father_father": "Bethany",
        "mothers_father_mother": "Malibu Pier",
        "mothers_mother_father": "Malibu Moon",
        "mothers_mother_mother": "Blue Moon"
      },
      "stable_comment": "",
      "previous_race_comment": "",
      "past_results": []
    },
    {
      "horse_num": "10",
      "horse_name": "パントルナイーフ",
      "jockey": "ルメール",
      "horse_name_link": "/db/uma/0954437",
      "prediction_mark": "★-",
      "odds_text": "512(+6)7.33人気",
      "training_data": {},
      "pedigree_data": {
        "father": "キズナKizuna",
        "mother": "ウインドインハーヘア",
        "father_father": "ディープインパクト",
        "father_mother": "サンデーサイレンス",
        "mothers_father": "キャットクイル",
        "mothers_mother": "Storm Cat",
        "father_father_father": "Pacific Princess",
        "father_father_mother": "アールブリュットArt Brut",
        "father_mother_father": "マクフィ",
        "father_mother_mother": "Dubawi",
        "mothers_father_father": "Dhelaal",
        "mothers_father_mother": "イグジビットワン",
        "mothers_mother_father": "Silver Hawk",
        "mothers_mother_mother": "Tsar's Pride"
      },
      "stable_comment": "",
      "previous_race_comment": "",
      "past_results": []
    },
    {
      "horse_num": "11",
      "horse_name": "ストームサンダー",
      "jockey": "戸崎圭",
      "horse_name_link": "/db/uma/0946695",
      "prediction_mark": "★-",
      "odds_text": "458(+2)95.211人気",
      "training_data": {},
      "pedigree_data": {
        "father": "ヘンリーバローズHenry Barows",
        "mother": "ウインドインハーヘア",
        "father_father": "ディープインパクト",
        "father_mother": "サンデーサイレンス",
        "mothers_father": "シルヴァースカヤ",
        "mothers_mother": "Silver Hawk",
        "father_father_father": "Boubskaia",
        "father_father_mother": "マイヴィクトリアMy Victoria",
        "father_mother_father": "キングカメハメハ",
        "father_mother_mother": "Kingmambo",
        "mothers_father_father": "マンファス",
        "mothers_father_mother": "マイビビアーヌ",
        "mothers_mother_father": "Shamardal",
        "mothers_mother_mother": "My"
      },
      "stable_comment": "",
      "previous_race_comment": "",
      "past_results": []
    },
    {
      "horse_num": "12",
      "horse_name": "コッツォリーノ",
      "jockey": "横山典",
      "horse_name_link": "/db/uma/0953783",
      "prediction_mark": "★-",
      "odds_text": "452(+2)21.48人気",
      "training_data": {},
      "pedigree_data": {
        "father": "シルバーステートSilver State",
        "mother": "ウインドインハーヘア",
        "father_father": "ディープインパクト",
        "father_mother": "サンデーサイレンス",
        "mothers_father": "シルヴァースカヤ",
        "mothers_mother": "Silver Hawk",
        "father_father_father": "Boubskaia",
        "father_father_mother": "シンジュボシShinjuboshi",
        "father_mother_father": "ダイワメジャー",
        "father_mother_mother": "サンデーサイレンス",
        "mothers_father_father": "スカーレットブーケ",
        "mothers_father_mother": "ツルマルオトメ",
        "mothers_mother_father": "タイキシャトル",
        "mothers_mother_mother": "メモリーズオブロニー"
      },
      "stable_comment": "",
      "previous_race_comment": "",
      "past_results": []
    }
  ]
}