{
  "race_name": "2025年11月9日 3回福島2日目",
  "race_grade": "1R ２歳未勝利",
  "distance": "1150m",
  "horses": [
    {
      "horse_num": "1",
      "horse_name": "セイウンレガーメ",
      "jockey": "杉原誠",
      "horse_name_link": "/db/uma/0945958",
      "prediction_mark": "★-",
      "odds_text": "436(+20)188.315人気",
      "training_data": {
        "horse_name": "セイウンレガーメ",
        "tanpyo": "直線の伸びひと息",
        "details": [
          {
            "date_location": "8/6 美Ｗ 良",
            "追い切り方": "一杯に追う",
            "times": [
              "84.5",
              "68.2",
              "52.7",
              "37.8",
              "11.9",
              "［５］"
            ],
            "awase": ""
          },
          {
            "date_location": "10/29 美Ｗ 良",
            "追い切り方": "一杯に追う",
            "times": [
              "67.0",
              "52.3",
              "37.9",
              "11.7",
              "［６］"
            ],
            "awase": "リナクィーンアスク（新馬）馬なりの内0.5秒追走同入"
          },
          {
            "date_location": "11/2 美Ｗ 良",
            "追い切り方": "馬なり余力",
            "times": [
              "60.0",
              "44.6",
              "14.7",
              "［７］"
            ],
            "awase": ""
          },
          {
            "date_location": "11/5 美Ｐ 良",
            "追い切り方": "G前仕掛け",
            "times": [
              "68.0",
              "53.3",
              "39.9",
              "11.8",
              "［７］"
            ],
            "awase": "アサクサダイアナ（新馬）強めの外同入"
          }
        ]
      },
      "pedigree_data": {
        "father": "ゴールドドリームGold Dream",
        "mother": "ニキーヤ",
        "mothers_father": "モンヴェール"
      },
      "stable_comment": "",
      "previous_race_comment": "",
      "past_results": []
    },
    {
      "horse_num": "2",
      "horse_name": "ハルヒメ",
      "jockey": "西塚洸",
      "horse_name_link": "/db/uma/0950246",
      "prediction_mark": "★-",
      "odds_text": "392(-6)7.23人気",
      "training_data": {},
      "pedigree_data": {
        "father": "マインドユアビスケッツUSAMind Your Biscuits",
        "mother": "Raska",
        "mothers_father": "Jazzmane"
      },
      "stable_comment": "",
      "previous_race_comment": "",
      "past_results": []
    },
    {
      "horse_num": "3",
      "horse_name": "グラティアム",
      "jockey": "丹内祐",
      "horse_name_link": "/db/uma/0950596",
      "prediction_mark": "★-",
      "odds_text": "462(+8)2.61人気",
      "training_data": {},
      "pedigree_data": {
        "father": "ナダルUSANadal",
        "mother": "Liable",
        "mothers_father": "Ascending Angel"
      },
      "stable_comment": "",
      "previous_race_comment": "",
      "past_results": []
    },
    {
      "horse_num": "4",
      "horse_name": "タマコロリン",
      "jockey": "舟山瑠",
      "horse_name_link": "/db/uma/0952094",
      "prediction_mark": "★-",
      "odds_text": "472(-6)37.79人気",
      "training_data": {},
      "pedigree_data": {
        "father": "ゴールドドリームGold Dream",
        "mother": "ニキーヤ",
        "mothers_father": "モンヴェール"
      },
      "stable_comment": "",
      "previous_race_comment": "",
      "past_results": []
    },
    {
      "horse_num": "5",
      "horse_name": "エンゲルベルク",
      "jockey": "水沼元",
      "horse_name_link": "/db/uma/0951004",
      "prediction_mark": "★-",
      "odds_text": "438(+4)445.116人気",
      "training_data": {},
      "pedigree_data": {
        "father": "サングレーザーSungrazer",
        "mother": "ウインドインハーヘア",
        "mothers_father": "マンティスハント"
      },
      "stable_comment": "",
      "previous_race_comment": "",
      "past_results": []
    },
    {
      "horse_num": "6",
      "horse_name": "マユナイト",
      "jockey": "斎藤新",
      "horse_name_link": "/db/uma/0950380",
      "prediction_mark": "★-",
      "odds_text": "390(+4)20.58人気",
      "training_data": {},
      "pedigree_data": {
        "father": "ミスチヴィアスアレックスUSAMischevious Alex",
        "mother": "Leslie's Lady",
        "mothers_father": "White Pants Night"
      },
      "stable_comment": "",
      "previous_race_comment": "",
      "past_results": []
    },
    {
      "horse_num": "7",
      "horse_name": "アンセートゥモダン",
      "jockey": "今村聖",
      "horse_name_link": "/db/uma/0952329",
      "prediction_mark": "★-",
      "odds_text": "410(+6)92.511人気",
      "training_data": {},
      "pedigree_data": {
        "father": "ルヴァンスレーヴLe Vent Se Leve",
        "mother": "Tee Kay",
        "mothers_father": "マエストラーレ"
      },
      "stable_comment": "",
      "previous_race_comment": "",
      "past_results": []
    },
    {
      "horse_num": "8",
      "horse_name": "コスモラパウィラ",
      "jockey": "石川裕",
      "horse_name_link": "/db/uma/0951125",
      "prediction_mark": "★-",
      "odds_text": "464(0)16.87人気",
      "training_data": {},
      "pedigree_data": {
        "father": "フォーウィールドライブUSAFour Wheel Drive",
        "mother": "Littleprincessemma",
        "mothers_father": "Funfair"
      },
      "stable_comment": "",
      "previous_race_comment": "",
      "past_results": []
    },
    {
      "horse_num": "9",
      "horse_name": "アンバサダネージュ",
      "jockey": "佐藤翔",
      "horse_name_link": "/db/uma/0950064",
      "prediction_mark": "★-",
      "odds_text": "490(+8)113.712人気",
      "training_data": {},
      "pedigree_data": {
        "father": "シニスターミニスターUSASinister Minister",
        "mother": "Lovlier Linda",
        "mothers_father": "Sweet Minister"
      },
      "stable_comment": "",
      "previous_race_comment": "",
      "past_results": []
    },
    {
      "horse_num": "10",
      "horse_name": "コブラツイスト",
      "jockey": "永島ま",
      "horse_name_link": "/db/uma/0952611",
      "prediction_mark": "★-",
      "odds_text": "446(+2)8.75人気",
      "training_data": {},
      "pedigree_data": {
        "father": "ハッピースプリントHappy Sprint",
        "mother": "ダジルミージョリエ",
        "mothers_father": "マーゴーン"
      },
      "stable_comment": "",
      "previous_race_comment": "",
      "past_results": []
    },
    {
      "horse_num": "11",
      "horse_name": "イーガービーバー",
      "jockey": "石神道",
      "horse_name_link": "/db/uma/0946160",
      "prediction_mark": "★-",
      "odds_text": "462(+10)135.213人気",
      "training_data": {},
      "pedigree_data": {
        "father": "トランセンドTranscend",
        "mother": "Rose Park",
        "mothers_father": "シネマスコープ"
      },
      "stable_comment": "",
      "previous_race_comment": "",
      "past_results": []
    },
    {
      "horse_num": "12",
      "horse_name": "アルサック",
      "jockey": "丸山元",
      "horse_name_link": "/db/uma/0952204",
      "prediction_mark": "★-",
      "odds_text": "486(+8)4.12人気",
      "training_data": {},
      "pedigree_data": {
        "father": "シルバーステートSilver State",
        "mother": "ウインドインハーヘア",
        "mothers_father": "シルヴァースカヤ"
      },
      "stable_comment": "",
      "previous_race_comment": "",
      "past_results": []
    },
    {
      "horse_num": "13",
      "horse_name": "メイポール",
      "jockey": "黛弘人",
      "horse_name_link": "/db/uma/0953666",
      "prediction_mark": "★-",
      "odds_text": "426(-2)169.414人気",
      "training_data": {},
      "pedigree_data": {
        "father": "ホッコータルマエHokko Tarumae",
        "mother": "マンファス",
        "mothers_father": "マダムチェロキー"
      },
      "stable_comment": "",
      "previous_race_comment": "",
      "past_results": []
    },
    {
      "horse_num": "14",
      "horse_name": "ドリームガッサン",
      "jockey": "上里直",
      "horse_name_link": "/db/uma/0949603",
      "prediction_mark": "★-",
      "odds_text": "432(+10)54.410人気",
      "training_data": {},
      "pedigree_data": {
        "father": "キャプテンキングCaptain King",
        "mother": "Mr. P's Princess",
        "mothers_father": "ストロベリーパフェ"
      },
      "stable_comment": "",
      "previous_race_comment": "",
      "past_results": []
    },
    {
      "horse_num": "15",
      "horse_name": "ニャンモロー",
      "jockey": "菊沢一",
      "horse_name_link": "/db/uma/0946411",
      "prediction_mark": "★-",
      "odds_text": "468(-4)8.14人気",
      "training_data": {},
      "pedigree_data": {
        "father": "フィレンツェファイアUSAFirenze Fire",
        "mother": "Poised to Pounce",
        "mothers_father": "My Every Wish"
      },
      "stable_comment": "",
      "previous_race_comment": "",
      "past_results": []
    },
    {
      "horse_num": "16",
      "horse_name": "ドナソレイ",
      "jockey": "石田拓",
      "horse_name_link": "/db/uma/0946076",
      "prediction_mark": "★-",
      "odds_text": "470(+2)15.16人気",
      "training_data": {},
      "pedigree_data": {
        "father": "マテラスカイUSAMatera Sky",
        "mother": "Silken Cat",
        "mothers_father": "Mostaqeleh"
      },
      "stable_comment": "",
      "previous_race_comment": "",
      "past_results": []
    }
  ]
}