﻿url,race_id,page_type,fetched_at,status
https://s.keibabook.co.jp/chihou/syutuba/2025121104111120,2025121104111120,shutuba,2025-11-22T02:29:02.480817,success
https://s.keibabook.co.jp/chihou/cyokyo/2025121104111120,2025121104111120,training,2025-11-22T02:29:09.789325,success
https://s.keibabook.co.jp/chihou/kettou/2025121104111120,2025121104111120,pedigree,2025-11-22T02:29:19.585399,success
https://s.keibabook.co.jp/chihou/nouryoku_html/2025121104111120,2025121104111120,nouryoku,2025-11-22T02:29:27.280809,success
https://s.keibabook.co.jp/chihou/danwa/2025121104111120,2025121104111120,stable_comment,2025-11-22T02:29:33.866907,success
https://s.keibabook.co.jp/chihou/point/2025121104111120,2025121104111120,point,2025-11-22T02:29:38.677017,success
https://s.keibabook.co.jp/cyuou/syutuba/20251122None11,20251122None11,shutuba,2025-11-22T15:53:14.951937,success
https://s.keibabook.co.jp/cyuou/cyokyo/0/20251122None11,20251122None11,training,2025-11-22T15:53:21.721779,success
https://s.keibabook.co.jp/cyuou/kettou/20251122None11,20251122None11,pedigree,2025-11-22T15:53:29.538451,success
https://s.keibabook.co.jp/cyuou/nouryoku_html/20251122None11,20251122None11,nouryoku,2025-11-22T15:53:44.923948,success
https://s.keibabook.co.jp/cyuou/danwa/0/20251122None11,20251122None11,stable_comment,2025-11-22T15:53:53.689925,success
https://s.keibabook.co.jp/cyuou/syoin/20251122None11,20251122None11,previous_race_comment,2025-11-22T15:54:08.501401,success
https://s.keibabook.co.jp/cyuou/syutuba/202503060512,20251122None12,shutuba,2025-11-22T15:57:36.169168,success
https://s.keibabook.co.jp/cyuou/cyokyo/0/20251122None12,20251122None12,training,2025-11-22T15:57:44.647278,success
https://s.keibabook.co.jp/cyuou/kettou/20251122None12,20251122None12,pedigree,2025-11-22T15:57:50.583020,success
https://s.keibabook.co.jp/cyuou/nouryoku_html/20251122None12,20251122None12,nouryoku,2025-11-22T15:58:01.157840,success
https://s.keibabook.co.jp/cyuou/danwa/0/20251122None12,20251122None12,stable_comment,2025-11-22T15:58:16.651128,success
https://s.keibabook.co.jp/cyuou/syoin/20251122None12,20251122None12,previous_race_comment,2025-11-22T15:58:31.602206,success
https://s.keibabook.co.jp/cyuou/syutuba/202511240301,202511240301,shutuba,2025-11-23T23:57:35.945029,success
https://s.keibabook.co.jp/cyuou/cyokyo/0/202511240301,202511240301,training,2025-11-23T23:57:41.880751,success
https://s.keibabook.co.jp/cyuou/kettou/202511240301,202511240301,pedigree,2025-11-23T23:57:47.575561,success
https://s.keibabook.co.jp/cyuou/danwa/0/202511240301,202511240301,stable_comment,2025-11-23T23:57:51.653811,success
https://s.keibabook.co.jp/cyuou/syoin/202511240301,202511240301,previous_race_comment,2025-11-23T23:57:56.689328,success
https://s.keibabook.co.jp/cyuou/syutuba/202503060201,202503060201,shutuba,2025-11-24T12:58:35.858074,success
https://s.keibabook.co.jp/cyuou/cyokyo/0/202503060201,202503060201,training,2025-11-24T12:58:40.385363,success
https://s.keibabook.co.jp/cyuou/kettou/202503060201,202503060201,pedigree,2025-11-24T12:58:47.299644,success
https://s.keibabook.co.jp/cyuou/danwa/0/202503060201,202503060201,stable_comment,2025-11-24T12:58:58.374455,success
https://s.keibabook.co.jp/cyuou/syoin/202503060201,202503060201,previous_race_comment,2025-11-24T12:59:10.821239,success
https://s.keibabook.co.jp/cyuou/syutuba/202503060201,202503060201,shutuba,2025-11-24T13:04:08.998315,success
https://s.keibabook.co.jp/cyuou/cyokyo/0/202503060201,202503060201,training,2025-11-24T13:04:24.294237,success
https://s.keibabook.co.jp/cyuou/kettou/202503060201,202503060201,pedigree,2025-11-24T13:04:36.559301,success
https://s.keibabook.co.jp/cyuou/danwa/0/202503060201,202503060201,stable_comment,2025-11-24T13:04:44.043037,success
https://s.keibabook.co.jp/cyuou/syoin/202503060201,202503060201,previous_race_comment,2025-11-24T13:04:50.431035,success
https://s.keibabook.co.jp/cyuou/syutuba/202505040611,202505040611,shutuba,2025-11-24T13:12:27.730658,success
https://s.keibabook.co.jp/cyuou/cyokyo/0/202505040611,202505040611,training,2025-11-24T13:12:39.321967,success
https://s.keibabook.co.jp/cyuou/kettou/202505040611,202505040611,pedigree,2025-11-24T13:12:54.988821,success
https://s.keibabook.co.jp/cyuou/danwa/0/202505040611,202505040611,stable_comment,2025-11-24T13:13:06.423194,success
https://s.keibabook.co.jp/cyuou/syoin/202505040611,202505040611,previous_race_comment,2025-11-24T13:13:21.958923,success
https://s.keibabook.co.jp/cyuou/syutuba/202511240308,202511240308,shutuba,2025-11-24T13:44:51.372940,success
https://s.keibabook.co.jp/cyuou/cyokyo/0/202511240308,202511240308,training,2025-11-24T13:45:00.129843,success
https://s.keibabook.co.jp/cyuou/kettou/202511240308,202511240308,pedigree,2025-11-24T13:45:09.018837,success
https://s.keibabook.co.jp/cyuou/danwa/0/202511240308,202511240308,stable_comment,2025-11-24T13:45:22.889506,success
https://s.keibabook.co.jp/cyuou/syoin/202511240308,202511240308,previous_race_comment,2025-11-24T13:45:30.841707,success
https://s.keibabook.co.jp/cyuou/syutuba/202505040611,202505040611,shutuba,2025-11-25T04:44:20.485753,success
https://s.keibabook.co.jp/cyuou/cyokyo/0/202505040611,202505040611,training,2025-11-25T04:44:25.252103,success
https://s.keibabook.co.jp/cyuou/kettou/202505040611,202505040611,pedigree,2025-11-25T04:44:31.157351,success
https://s.keibabook.co.jp/cyuou/danwa/0/202505040611,202505040611,stable_comment,2025-11-25T04:44:35.164301,success
https://s.keibabook.co.jp/cyuou/syoin/202505040611,202505040611,previous_race_comment,2025-11-25T04:44:38.252829,success
https://s.keibabook.co.jp/cyuou/syutuba/202505040611,202505040611,shutuba,2025-11-24T21:59:26.323536,success
https://s.keibabook.co.jp/cyuou/cyokyo/0/202505040611,202505040611,training,2025-11-24T21:59:29.658445,success
https://s.keibabook.co.jp/cyuou/kettou/202505040611,202505040611,pedigree,2025-11-24T21:59:32.514456,success
https://s.keibabook.co.jp/cyuou/danwa/0/202505040611,202505040611,stable_comment,2025-11-24T21:59:35.925554,success
https://s.keibabook.co.jp/cyuou/syoin/202505040611,202505040611,previous_race_comment,2025-11-24T21:59:38.444952,success
